:START_ID(Tweet),:END_ID(Tweet),:TYPE
930023717236891648,930020775632834560,Retweet
930020775632834560,930023717236891648,Retweeted
930023715806568453,930019034527133696,Retweet
930019034527133696,930023715806568453,Retweeted
930023698693787653,930023146694086656,Retweet
930023146694086656,930023698693787653,Retweeted
930023696600838144,930022357443448833,Retweet
930022357443448833,930023696600838144,Retweeted
930023667597172736,930020405951303681,Retweet
930020405951303681,930023667597172736,Retweeted
930023665877561344,930022913696202752,Retweet
930022913696202752,930023665877561344,Retweeted
930023665739190272,930020750999851009,Retweet
930020750999851009,930023665739190272,Retweeted
930023663755079680,930021659729211392,Retweet
930021659729211392,930023663755079680,Retweeted
930023659577765888,930020750999851009,Retweet
930020750999851009,930023659577765888,Retweeted
930023657040101376,930022577375973376,Retweet
930022577375973376,930023657040101376,Retweeted
930023646810210304,930021562329239552,Retweet
930021562329239552,930023646810210304,Retweeted
930023646373986304,930019913057619969,Retweet
930019913057619969,930023646373986304,Retweeted
930023641114464256,930022747459244032,Retweet
930022747459244032,930023641114464256,Retweeted
930023620360810498,930023173684449280,Retweet
930023173684449280,930023620360810498,Retweeted
930023609241874432,930023462462152704,Retweet
930023462462152704,930023609241874432,Retweeted
930023599297220608,930020190938718208,Retweet
930020190938718208,930023599297220608,Retweeted
930023592422600704,930022875171401728,Retweet
930022875171401728,930023592422600704,Retweeted
930023585850318849,930019193918910464,Retweet
930019193918910464,930023585850318849,Retweeted
930023581576245248,930022577375973376,Retweet
930022577375973376,930023581576245248,Retweeted
930023579693015040,930023415460892672,Retweet
930023415460892672,930023579693015040,Retweeted
930023571694395392,930023312708853760,Retweet
930023312708853760,930023571694395392,Retweeted
930023571446956033,930020967610503170,Retweet
930020967610503170,930023571446956033,Retweeted
930023566615240704,930022279395897344,Retweet
930022279395897344,930023566615240704,Retweeted
930023559354834944,930020391694635008,Retweet
930020391694635008,930023559354834944,Retweeted
930023554497818624,930023312708853760,Retweet
930023312708853760,930023554497818624,Retweeted
930023553067569152,930022084541075456,Retweet
930022084541075456,930023553067569152,Retweeted
930023550999707649,930020750999851009,Retweet
930020750999851009,930023550999707649,Retweeted
930023549267562497,930021588719800320,Retweet
930021588719800320,930023549267562497,Retweeted
930023542166638593,930023521534832641,Retweet
930023521534832641,930023542166638593,Retweeted
930023539507417088,930019916710924288,Retweet
930019916710924288,930023539507417088,Retweeted
930023537607413760,930022827918528513,Retweet
930022827918528513,930023537607413760,Retweeted
930023528597999616,930023325363068928,Retweet
930023325363068928,930023528597999616,Retweeted
930023519433478144,930020750999851009,Retweet
930020750999851009,930023519433478144,Retweeted
930023509203607553,930023312708853760,Retweet
930023312708853760,930023509203607553,Retweeted
930023508142260225,930020335008788480,Retweet
930020335008788480,930023508142260225,Retweeted
930023491524366336,930020750999851009,Retweet
930020750999851009,930023491524366336,Retweeted
930023484775731200,930022723396530177,Retweet
930022723396530177,930023484775731200,Retweeted
930023472738250752,930019919265021952,Retweet
930019919265021952,930023472738250752,Retweeted
930023470439780353,930020750999851009,Retweet
930020750999851009,930023470439780353,Retweeted
930023459232591872,930020750999851009,Retweet
930020750999851009,930023459232591872,Retweeted
930023458800467968,930022875171401728,Retweet
930022875171401728,930023458800467968,Retweeted
930023447480225793,930020574428106752,Retweet
930020574428106752,930023447480225793,Retweeted
930023447220146177,930021867020275712,Retweet
930021867020275712,930023447220146177,Retweeted
930023445508878337,930023013944197120,Retweet
930023013944197120,930023445508878337,Retweeted
930023445001158656,930020750999851009,Retweet
930020750999851009,930023445001158656,Retweeted
930023436105256960,930023161726488576,Retweet
930023161726488576,930023436105256960,Retweeted
930023427544674309,930020013834227713,Retweet
930020013834227713,930023427544674309,Retweeted
930023418157830144,930022374791053312,Retweet
930022374791053312,930023418157830144,Retweeted
930023408397516800,930022875171401728,Retweet
930022875171401728,930023408397516800,Retweeted
930023402437357569,930022357443448833,Retweet
930022357443448833,930023402437357569,Retweeted
930023402005499904,930022777561550848,Retweet
930022777561550848,930023402005499904,Retweeted
930023400445239297,930019455513628672,Retweet
930019455513628672,930023400445239297,Retweeted
930023395735080960,930020016245936128,Retweet
930020016245936128,930023395735080960,Retweeted
930023394539696128,930023312708853760,Retweet
930023312708853760,930023394539696128,Retweeted
930023387790839809,930022435092434945,Retweet
930022435092434945,930023387790839809,Retweeted
930023382019538944,930022357443448833,Retweet
930022357443448833,930023382019538944,Retweeted
930023381164023809,930022431187640320,Retweet
930022431187640320,930023381164023809,Retweeted
930023380639608832,930023175919779840,Retweet
930023175919779840,930023380639608832,Retweeted
930023380417437696,930020183183327232,Retweet
930020183183327232,930023380417437696,Retweeted
930023379670880256,930019935627169793,Retweet
930019935627169793,930023379670880256,Retweeted
930023374725767168,930022699249922048,Retweet
930022699249922048,930023374725767168,Retweeted
930023355746603008,930020750999851009,Retweet
930020750999851009,930023355746603008,Retweeted
930023344430346243,930021721222107136,Retweet
930021721222107136,930023344430346243,Retweeted
930023344392560640,930022683294732288,Retweet
930022683294732288,930023344392560640,Retweeted
930023340970045442,930020027948027904,Retweet
930020027948027904,930023340970045442,Retweeted
930023335316013056,930018746395062272,Retweet
930018746395062272,930023335316013056,Retweeted
930023331746676736,930021802734178304,Retweet
930021802734178304,930023331746676736,Retweeted
930023327816667136,930022723396530177,Retweet
930022723396530177,930023327816667136,Retweeted
930023322607411200,930023312708853760,Retweet
930023312708853760,930023322607411200,Retweeted
930023306400378881,930021570499764225,Retweet
930021570499764225,930023306400378881,Retweeted
930023304680824832,930022279395897344,Retweet
930022279395897344,930023304680824832,Retweeted
930023304005550081,930022357443448833,Retweet
930022357443448833,930023304005550081,Retweeted
930023301006622720,930020750999851009,Retweet
930020750999851009,930023301006622720,Retweeted
930023296799793152,930020750999851009,Retweet
930020750999851009,930023296799793152,Retweeted
930023282224623622,930020889579618305,Retweet
930020889579618305,930023282224623622,Retweeted
930023279380914176,930020183183327232,Retweet
930020183183327232,930023279380914176,Retweeted
930023277912887296,930022357443448833,Retweet
930022357443448833,930023277912887296,Retweeted
930023276340039680,930022084541075456,Retweet
930022084541075456,930023276340039680,Retweeted
930023272388980736,930020889579618305,Retweet
930020889579618305,930023272388980736,Retweeted
930023261265678336,930020889579618305,Retweet
930020889579618305,930023261265678336,Retweeted
930023256886796288,930022650700795904,Retweet
930022650700795904,930023256886796288,Retweeted
930023256794566656,930021771855781889,Retweet
930021771855781889,930023256794566656,Retweeted
930023255737618432,930021176025346049,Retweet
930021176025346049,930023255737618432,Retweeted
930023245977329664,930020476587458562,Retweet
930020476587458562,930023245977329664,Retweeted
930023225085562881,930020016245936128,Retweet
930020016245936128,930023225085562881,Retweeted
930023222376062977,930022723396530177,Retweet
930022723396530177,930023222376062977,Retweeted
930023220631175168,930022747459244032,Retweet
930022747459244032,930023220631175168,Retweeted
930023213807079424,930022911372652544,Retweet
930022911372652544,930023213807079424,Retweeted
930023205233885184,930020750999851009,Retweet
930020750999851009,930023205233885184,Retweeted
930023200645201921,930022357443448833,Retweet
930022357443448833,930023200645201921,Retweeted
930023199865212929,930022390691762177,Retweet
930022390691762177,930023199865212929,Retweeted
930023186753867776,930021867020275712,Retweet
930021867020275712,930023186753867776,Retweeted
930023166294085632,930020750999851009,Retweet
930020750999851009,930023166294085632,Retweeted
930023158769430528,930022402775330817,Retweet
930022402775330817,930023158769430528,Retweeted
930023149457903618,930021198590754816,Retweet
930021198590754816,930023149457903618,Retweeted
930023128926949376,930020750999851009,Retweet
930020750999851009,930023128926949376,Retweeted
930023126930468864,930020183183327232,Retweet
930020183183327232,930023126930468864,Retweeted
930023125793861633,930020183183327232,Retweet
930020183183327232,930023125793861633,Retweeted
930023125764358144,930022431187640320,Retweet
930022431187640320,930023125764358144,Retweeted
930023125022101504,930020750999851009,Retweet
930020750999851009,930023125022101504,Retweeted
930023123134681088,930023103891165184,Retweet
930023103891165184,930023123134681088,Retweeted
930023116180516864,930022501442359296,Retweet
930022501442359296,930023116180516864,Retweeted
930023111487090688,930021791589904384,Retweet
930021791589904384,930023111487090688,Retweeted
930023109306003456,930018700085940224,Retweet
930018700085940224,930023109306003456,Retweeted
930023101353533441,930022302741282817,Retweet
930022302741282817,930023101353533441,Retweeted
930023097201233920,930020183183327232,Retweet
930020183183327232,930023097201233920,Retweeted
930023094391132160,930022279395897344,Retweet
930022279395897344,930023094391132160,Retweeted
930023094277824512,930022357443448833,Retweet
930022357443448833,930023094277824512,Retweeted
930023092096765952,930020750999851009,Retweet
930020750999851009,930023092096765952,Retweeted
930023087013167104,930020889579618305,Retweet
930020889579618305,930023087013167104,Retweeted
930023086237159424,930022402775330817,Retweet
930022402775330817,930023086237159424,Retweeted
930023079388073989,930021867020275712,Retweet
930021867020275712,930023079388073989,Retweeted
930023073561976832,930022431187640320,Retweet
930022431187640320,930023073561976832,Retweeted
930023065072885760,930020190938718208,Retweet
930020190938718208,930023065072885760,Retweeted
930023063462100992,930019517366972417,Retweet
930019517366972417,930023063462100992,Retweeted
930023047578472448,930019455513628672,Retweet
930019455513628672,930023047578472448,Retweeted
930023044109697024,930020183183327232,Retweet
930020183183327232,930023044109697024,Retweeted
930023037394616320,930021867020275712,Retweet
930021867020275712,930023037394616320,Retweeted
930023036140400640,930022728463138817,Retweet
930022728463138817,930023036140400640,Retweeted
930023025361133569,930018679483494400,Retweet
930018679483494400,930023025361133569,Retweeted
930023019883491329,930022357443448833,Retweet
930022357443448833,930023019883491329,Retweeted
930023017232572416,930021562329239552,Retweet
930021562329239552,930023017232572416,Retweeted
930023016414760960,930020750999851009,Retweet
930020750999851009,930023016414760960,Retweeted
930022992603574272,930020750999851009,Retweet
930020750999851009,930022992603574272,Retweeted
930022985221722112,930022084541075456,Retweet
930022084541075456,930022985221722112,Retweeted
930022982822572032,930021195629678592,Retweet
930021195629678592,930022982822572032,Retweeted
930022982306746368,930021635582808064,Retweet
930021635582808064,930022982306746368,Retweeted
930022979026665472,930021969101287425,Retweet
930021969101287425,930022979026665472,Retweeted
930022978305212416,930022074088767488,Retweet
930022074088767488,930022978305212416,Retweeted
930022976191369217,930020889579618305,Retweet
930020889579618305,930022976191369217,Retweeted
930022973863538689,930021198590754816,Retweet
930021198590754816,930022973863538689,Retweeted
930022972735098880,930022794145832960,Retweet
930022794145832960,930022972735098880,Retweeted
930022969761587200,930018700085940224,Retweet
930018700085940224,930022969761587200,Retweeted
930022967035052032,930022435092434945,Retweet
930022435092434945,930022967035052032,Retweeted
930022965948878848,930021867020275712,Retweet
930021867020275712,930022965948878848,Retweeted
930022960341180416,930022402775330817,Retweet
930022402775330817,930022960341180416,Retweeted
930022941265448960,930020750999851009,Retweet
930020750999851009,930022941265448960,Retweeted
930022930691399680,930020750999851009,Retweet
930020750999851009,930022930691399680,Retweeted
930022924433551360,930022357443448833,Retweet
930022357443448833,930022924433551360,Retweeted
930022916703637505,930019517366972417,Retweet
930019517366972417,930022916703637505,Retweeted
930022909963264000,930019517366972417,Retweet
930019517366972417,930022909963264000,Retweeted
930022909787156480,930022357443448833,Retweet
930022357443448833,930022909787156480,Retweeted
930022884411502592,930020183183327232,Retweet
930020183183327232,930022884411502592,Retweeted
930022879495782401,930022435092434945,Retweet
930022435092434945,930022879495782401,Retweeted
930022876576665600,930018976318472194,Retweet
930018976318472194,930022876576665600,Retweeted
930022875821694976,930021588719800320,Retweet
930021588719800320,930022875821694976,Retweeted
930022872629809152,930020750999851009,Retweet
930020750999851009,930022872629809152,Retweeted
930022870343995392,930021494985543680,Retweet
930021494985543680,930022870343995392,Retweeted
930022868129402880,930022650700795904,Retweet
930022650700795904,930022868129402880,Retweeted
930022860910837760,930022435092434945,Retweet
930022435092434945,930022860910837760,Retweeted
930022859400990720,930021867020275712,Retweet
930021867020275712,930022859400990720,Retweeted
930022853839343616,930020750999851009,Retweet
930020750999851009,930022853839343616,Retweeted
930022853738672128,930020875029663744,Retweet
930020875029663744,930022853738672128,Retweeted
930022844637089794,930022445129412608,Retweet
930022445129412608,930022844637089794,Retweeted
930022844431417344,930021230454956032,Retweet
930021230454956032,930022844431417344,Retweeted
930022843512958977,930021472898347008,Retweet
930021472898347008,930022843512958977,Retweeted
930022831752142848,930022357443448833,Retweet
930022357443448833,930022831752142848,Retweeted
930022830426558464,930022431187640320,Retweet
930022431187640320,930022830426558464,Retweeted
930022815872450561,930020183183327232,Retweet
930020183183327232,930022815872450561,Retweeted
930022815390035968,930020190938718208,Retweet
930020190938718208,930022815390035968,Retweeted
930022815356637185,930020053528977408,Retweet
930020053528977408,930022815356637185,Retweeted
930022814366740480,930022357443448833,Retweet
930022357443448833,930022814366740480,Retweeted
930022807882358784,930021881398353921,Retweet
930021881398353921,930022807882358784,Retweeted
930022804946345984,930022357443448833,Retweet
930022357443448833,930022804946345984,Retweeted
930022802639474688,930018739952799744,Retweet
930018739952799744,930022802639474688,Retweeted
930022793416241157,930022357443448833,Retweet
930022357443448833,930022793416241157,Retweeted
930022792296386561,930022577375973376,Retweet
930022577375973376,930022792296386561,Retweeted
930022776886448130,930018976318472194,Retweet
930018976318472194,930022776886448130,Retweeted
930022775749738496,930022099502227456,Retweet
930022099502227456,930022775749738496,Retweeted
930022766241251328,930020183183327232,Retweet
930020183183327232,930022766241251328,Retweeted
930022764987277312,930019102336409600,Retweet
930019102336409600,930022764987277312,Retweeted
930022749535375366,930018739952799744,Retweet
930018739952799744,930022749535375366,Retweeted
930022733227921408,930020750999851009,Retweet
930020750999851009,930022733227921408,Retweeted
930022728647757824,930020750999851009,Retweet
930020750999851009,930022728647757824,Retweeted
930022727141994497,930022357443448833,Retweet
930022357443448833,930022727141994497,Retweeted
930022721852805120,930020750999851009,Retweet
930020750999851009,930022721852805120,Retweeted
930022720150130694,930022357443448833,Retweet
930022357443448833,930022720150130694,Retweeted
930022717243514880,930022357443448833,Retweet
930022357443448833,930022717243514880,Retweeted
930022689879846912,930020889579618305,Retweet
930020889579618305,930022689879846912,Retweeted
930022688902356993,930020183183327232,Retweet
930020183183327232,930022688902356993,Retweeted
930022680467853312,930022279395897344,Retweet
930022279395897344,930022680467853312,Retweeted
930022679607947264,930022533348421632,Retweet
930022533348421632,930022679607947264,Retweeted
930022676134899717,930022549597036544,Retweet
930022549597036544,930022676134899717,Retweeted
930022674788704256,930020183183327232,Retweet
930020183183327232,930022674788704256,Retweeted
930022671781425153,930021200868315137,Retweet
930021200868315137,930022671781425153,Retweeted
930022670229532672,930022468936384513,Retweet
930022468936384513,930022670229532672,Retweeted
930022642614263808,930021233013469185,Retweet
930021233013469185,930022642614263808,Retweeted
930022630157111296,930022433469485056,Retweet
930022433469485056,930022630157111296,Retweeted
930022624750530560,930022218360172545,Retweet
930022218360172545,930022624750530560,Retweeted
930022602713821184,930020750999851009,Retweet
930020750999851009,930022602713821184,Retweeted
930022585173233664,930019939720802304,Retweet
930019939720802304,930022585173233664,Retweeted
930022585122873344,930022357443448833,Retweet
930022357443448833,930022585122873344,Retweeted
930022581390004224,930020750999851009,Retweet
930020750999851009,930022581390004224,Retweeted
930022572103680000,930020183183327232,Retweet
930020183183327232,930022572103680000,Retweeted
930022566852550656,930022446178193408,Retweet
930022446178193408,930022566852550656,Retweeted
930022560028295168,930021588719800320,Retweet
930021588719800320,930022560028295168,Retweeted
930022557281001473,930020791281901569,Retweet
930020791281901569,930022557281001473,Retweeted
930022536741638144,930020750999851009,Retweet
930020750999851009,930022536741638144,Retweeted
930022526574649344,930019992585818112,Retweet
930019992585818112,930022526574649344,Retweeted
930022526151004160,930020183183327232,Retweet
930020183183327232,930022526151004160,Retweeted
930022522174820358,930020750999851009,Retweet
930020750999851009,930022522174820358,Retweeted
930022521662947328,930021689810853888,Retweet
930021689810853888,930022521662947328,Retweeted
930022519385489408,930021623796846592,Retweet
930021623796846592,930022519385489408,Retweeted
930022515077984257,930020889579618305,Retweet
930020889579618305,930022515077984257,Retweeted
930022511089278981,930019922192879617,Retweet
930019922192879617,930022511089278981,Retweeted
930022509826789377,930022357443448833,Retweet
930022357443448833,930022509826789377,Retweeted
930022505640792064,930021721222107136,Retweet
930021721222107136,930022505640792064,Retweeted
930022500603449344,930021195629678592,Retweet
930021195629678592,930022500603449344,Retweeted
930022496379768834,930022279395897344,Retweet
930022279395897344,930022496379768834,Retweeted
930022477534760960,930020750999851009,Retweet
930020750999851009,930022477534760960,Retweeted
930022470974763008,930022279395897344,Retweet
930022279395897344,930022470974763008,Retweeted
930022468751945733,930022279395897344,Retweet
930022279395897344,930022468751945733,Retweeted
930022461256716293,930019922088026115,Retweet
930019922088026115,930022461256716293,Retweeted
930022457498419200,930020750999851009,Retweet
930020750999851009,930022457498419200,Retweeted
930022451924398080,930022357443448833,Retweet
930022357443448833,930022451924398080,Retweeted
930022447759245312,930021497799888896,Retweet
930021497799888896,930022447759245312,Retweeted
930022431028326400,930022062898532352,Retweet
930022062898532352,930022431028326400,Retweeted
930022409289326593,930019455513628672,Retweet
930019455513628672,930022409289326593,Retweeted
930022403937374208,930020183183327232,Retweet
930020183183327232,930022403937374208,Retweeted
930022401542426624,930020750999851009,Retweet
930020750999851009,930022401542426624,Retweeted
930022399956877314,930020333574328320,Retweet
930020333574328320,930022399956877314,Retweeted
930022399059353600,930022375697141760,Retweet
930022375697141760,930022399059353600,Retweeted
930022391685746688,930019102336409600,Retweet
930019102336409600,930022391685746688,Retweeted
930022389500354560,930020016245936128,Retweet
930020016245936128,930022389500354560,Retweeted
930022366146650112,930020750999851009,Retweet
930020750999851009,930022366146650112,Retweeted
930022359691493376,930020889579618305,Retweet
930020889579618305,930022359691493376,Retweeted
930022346810970112,930018809133531137,Retweet
930018809133531137,930022346810970112,Retweeted
930022339151933440,930020889579618305,Retweet
930020889579618305,930022339151933440,Retweeted
930022338048942081,930020190938718208,Retweet
930020190938718208,930022338048942081,Retweeted
930022334974619649,930021200868315137,Retweet
930021200868315137,930022334974619649,Retweeted
930022310379184128,930022283015532544,Retweet
930022283015532544,930022310379184128,Retweeted
930022298098307072,930020183183327232,Retweet
930020183183327232,930022298098307072,Retweeted
930022256780066816,930022210655305728,Retweet
930022210655305728,930022256780066816,Retweeted
930022242167144448,930020750999851009,Retweet
930020750999851009,930022242167144448,Retweeted
930022241953337344,930019919265021952,Retweet
930019919265021952,930022241953337344,Retweeted
930022240497922048,930020183183327232,Retweet
930020183183327232,930022240497922048,Retweeted
930022234667630592,930020013834227713,Retweet
930020013834227713,930022234667630592,Retweeted
930022219425701888,930021830617976832,Retweet
930021830617976832,930022219425701888,Retweeted
930022219065053184,930019517366972417,Retweet
930019517366972417,930022219065053184,Retweeted
930022216779157504,930020889579618305,Retweet
930020889579618305,930022216779157504,Retweeted
930022213171867649,930020750999851009,Retweet
930020750999851009,930022213171867649,Retweeted
930022204514775040,930021562329239552,Retweet
930021562329239552,930022204514775040,Retweeted
930022198873673728,930021438400196608,Retweet
930021438400196608,930022198873673728,Retweeted
930022194570285058,930021164344401920,Retweet
930021164344401920,930022194570285058,Retweeted
930022192527450113,930021532402937858,Retweet
930021532402937858,930022192527450113,Retweeted
930022167097630721,930020750999851009,Retweet
930020750999851009,930022167097630721,Retweeted
930022166053212160,930019455513628672,Retweet
930019455513628672,930022166053212160,Retweeted
930022158734065665,930020750999851009,Retweet
930020750999851009,930022158734065665,Retweeted
930022151461023744,930018746395062272,Retweet
930018746395062272,930022151461023744,Retweeted
930022148374253568,930020750999851009,Retweet
930020750999851009,930022148374253568,Retweeted
930022137078849537,930018746395062272,Retweet
930018746395062272,930022137078849537,Retweeted
930022134931484672,930020750999851009,Retweet
930020750999851009,930022134931484672,Retweeted
930022128765800448,930020690606149633,Retweet
930020690606149633,930022128765800448,Retweeted
930022128681979904,930020750999851009,Retweet
930020750999851009,930022128681979904,Retweeted
930022125280182272,930020750999851009,Retweet
930020750999851009,930022125280182272,Retweeted
930022123564879872,930020997754912769,Retweet
930020997754912769,930022123564879872,Retweeted
930022115360641024,930020333574328320,Retweet
930020333574328320,930022115360641024,Retweeted
930022101997690880,930020889579618305,Retweet
930020889579618305,930022101997690880,Retweeted
930022092854063104,930021867020275712,Retweet
930021867020275712,930022092854063104,Retweeted
930022086290141185,930020750999851009,Retweet
930020750999851009,930022086290141185,Retweeted
930022083060555777,930020750999851009,Retweet
930020750999851009,930022083060555777,Retweeted
930022077108649986,930020750999851009,Retweet
930020750999851009,930022077108649986,Retweeted
930022055239651328,930020190938718208,Retweet
930020190938718208,930022055239651328,Retweeted
930022051728867329,930021232057208832,Retweet
930021232057208832,930022051728867329,Retweeted
930022043227246593,930019956804243456,Retweet
930019956804243456,930022043227246593,Retweeted
930022041792659456,930021562329239552,Retweet
930021562329239552,930022041792659456,Retweeted
930022040727408640,930021771855781889,Retweet
930021771855781889,930022040727408640,Retweeted
930022018220789761,930020750999851009,Retweet
930020750999851009,930022018220789761,Retweeted
930022009479860224,930020750999851009,Retweet
930020750999851009,930022009479860224,Retweeted
930022005855932419,930021176025346049,Retweet
930021176025346049,930022005855932419,Retweeted
930022003733606401,930021947332755457,Retweet
930021947332755457,930022003733606401,Retweeted
930021996091658240,930020750999851009,Retweet
930020750999851009,930021996091658240,Retweeted
930021948884750336,930019517366972417,Retweet
930019517366972417,930021948884750336,Retweeted
930021947651624960,930020750999851009,Retweet
930020750999851009,930021947651624960,Retweeted
930021938528788480,930021771855781889,Retweet
930021771855781889,930021938528788480,Retweeted
930021930169765889,930021353100578816,Retweet
930021353100578816,930021930169765889,Retweeted
930021919096684544,930019836079558661,Retweet
930019836079558661,930021919096684544,Retweeted
930021896858492930,930021771855781889,Retweet
930021771855781889,930021896858492930,Retweeted
930021889375739904,930020613909041153,Retweet
930020613909041153,930021889375739904,Retweeted
930021889233309696,930019916710924288,Retweet
930019916710924288,930021889233309696,Retweeted
930021888545447938,930020750999851009,Retweet
930020750999851009,930021888545447938,Retweeted
930021875522195457,930021256296128512,Retweet
930021256296128512,930021875522195457,Retweeted
930021867322335233,930020889579618305,Retweet
930020889579618305,930021867322335233,Retweeted
930021866160427008,930021532860125184,Retweet
930021532860125184,930021866160427008,Retweeted
930021857948000256,930021198590754816,Retweet
930021198590754816,930021857948000256,Retweeted
930021852247883776,930020750999851009,Retweet
930020750999851009,930021852247883776,Retweeted
930021849802661889,930020889579618305,Retweet
930020889579618305,930021849802661889,Retweeted
930021847546191872,930019455513628672,Retweet
930019455513628672,930021847546191872,Retweeted
930021844241014784,930020183183327232,Retweet
930020183183327232,930021844241014784,Retweeted
930021836934574080,930020183183327232,Retweet
930020183183327232,930021836934574080,Retweeted
930021832060821504,930019992585818112,Retweet
930019992585818112,930021832060821504,Retweeted
930021825685458944,930020750999851009,Retweet
930020750999851009,930021825685458944,Retweeted
930021804210642944,930021635582808064,Retweet
930021635582808064,930021804210642944,Retweeted
930021802226565120,930020750999851009,Retweet
930020750999851009,930021802226565120,Retweeted
930021794769264640,930020163331723264,Retweet
930020163331723264,930021794769264640,Retweeted
930021776049840128,930020750999851009,Retweet
930020750999851009,930021776049840128,Retweeted
930021758639501313,930020750999851009,Retweet
930020750999851009,930021758639501313,Retweeted
930021750489993218,930021198590754816,Retweet
930021198590754816,930021750489993218,Retweeted
930021741342134272,930021176025346049,Retweet
930021176025346049,930021741342134272,Retweeted
930021734530650112,930018843094855680,Retweet
930018843094855680,930021734530650112,Retweeted
930021721951916032,930020750999851009,Retweet
930020750999851009,930021721951916032,Retweeted
930021720013991937,930021497799888896,Retweet
930021497799888896,930021720013991937,Retweeted
930021715131985920,930020786898919424,Retweet
930020786898919424,930021715131985920,Retweeted
930021694286323712,930021635582808064,Retweet
930021635582808064,930021694286323712,Retweeted
930021684505206784,930019455513628672,Retweet
930019455513628672,930021684505206784,Retweeted
930021679631183872,930021233013469185,Retweet
930021233013469185,930021679631183872,Retweeted
930021666838560774,930020889579618305,Retweet
930020889579618305,930021666838560774,Retweeted
930021657007345664,930021353100578816,Retweet
930021353100578816,930021657007345664,Retweeted
930021653114847232,930019972495101957,Retweet
930019972495101957,930021653114847232,Retweeted
930021647628763136,930020750999851009,Retweet
930020750999851009,930021647628763136,Retweeted
930021642901835777,930018700085940224,Retweet
930018700085940224,930021642901835777,Retweeted
930021622228176897,930019561197457408,Retweet
930019561197457408,930021622228176897,Retweeted
930021615697584128,930019455513628672,Retweet
930019455513628672,930021615697584128,Retweeted
930021615680749569,930020750999851009,Retweet
930020750999851009,930021615680749569,Retweeted
930021610349846528,930020750999851009,Retweet
930020750999851009,930021610349846528,Retweeted
930021597385314304,930020183183327232,Retweet
930020183183327232,930021597385314304,Retweeted
930021597003616258,930020750999851009,Retweet
930020750999851009,930021597003616258,Retweeted
930021582155722752,930021192412434432,Retweet
930021192412434432,930021582155722752,Retweeted
930021568545198082,930019919265021952,Retweet
930019919265021952,930021568545198082,Retweeted
930021558076223488,930019532487516160,Retweet
930019532487516160,930021558076223488,Retweeted
930021531379490816,930020750999851009,Retweet
930020750999851009,930021531379490816,Retweeted
930021527269101568,930019619842215936,Retweet
930019619842215936,930021527269101568,Retweeted
930021524161138688,930020750999851009,Retweet
930020750999851009,930021524161138688,Retweeted
930021521854214144,930020183183327232,Retweet
930020183183327232,930021521854214144,Retweeted
930021518125383687,930020750999851009,Retweet
930020750999851009,930021518125383687,Retweeted
930021477574987777,930020750999851009,Retweet
930020750999851009,930021477574987777,Retweeted
930021476266336256,930019916710924288,Retweet
930019916710924288,930021476266336256,Retweeted
930021471451254784,930020750999851009,Retweet
930020750999851009,930021471451254784,Retweeted
930021442514767872,930020016245936128,Retweet
930020016245936128,930021442514767872,Retweeted
930021432800657408,930021198590754816,Retweet
930021198590754816,930021432800657408,Retweeted
930021427222405120,930019455513628672,Retweet
930019455513628672,930021427222405120,Retweeted
930021409883082752,930020016245936128,Retweet
930020016245936128,930021409883082752,Retweeted
930021395181969410,930020514701201408,Retweet
930020514701201408,930021395181969410,Retweeted
930021385824620544,930020750999851009,Retweet
930020750999851009,930021385824620544,Retweeted
930021384838959104,930020750999851009,Retweet
930020750999851009,930021384838959104,Retweeted
930021366006460416,930020184403906560,Retweet
930020184403906560,930021366006460416,Retweeted
930021364236513280,930020183183327232,Retweet
930020183183327232,930021364236513280,Retweeted
930021363116662784,930019939720802304,Retweet
930019939720802304,930021363116662784,Retweeted
930021352953794560,930020750999851009,Retweet
930020750999851009,930021352953794560,Retweeted
930021330665091073,930020166703779840,Retweet
930020166703779840,930021330665091073,Retweeted
930021317159424000,930021095293435904,Retweet
930021095293435904,930021317159424000,Retweeted
930021311547674626,930021001479507970,Retweet
930021001479507970,930021311547674626,Retweeted
930021300688642048,930020226544078849,Retweet
930020226544078849,930021300688642048,Retweeted
930021295500259328,930020889579618305,Retweet
930020889579618305,930021295500259328,Retweeted
930021287841452032,930019913057619969,Retweet
930019913057619969,930021287841452032,Retweeted
930021284003696640,930020333574328320,Retweet
930020333574328320,930021284003696640,Retweeted
930021277825253377,930020750999851009,Retweet
930020750999851009,930021277825253377,Retweeted
930021273945690112,930019916710924288,Retweet
930019916710924288,930021273945690112,Retweeted
930021261153046528,930020750999851009,Retweet
930020750999851009,930021261153046528,Retweeted
930021260679155712,930020750999851009,Retweet
930020750999851009,930021260679155712,Retweeted
930021254932901888,930020750999851009,Retweet
930020750999851009,930021254932901888,Retweeted
930021245617352704,930020690606149633,Retweet
930020690606149633,930021245617352704,Retweeted
930021231285354496,930020750999851009,Retweet
930020750999851009,930021231285354496,Retweeted
930021214721998848,930020166703779840,Retweet
930020166703779840,930021214721998848,Retweeted
930021211064754176,930020643323699201,Retweet
930020643323699201,930021211064754176,Retweeted
930021205519814656,930020536687693825,Retweet
930020536687693825,930021205519814656,Retweeted
930021199224197120,930020190938718208,Retweet
930020190938718208,930021199224197120,Retweeted
930021194870509568,930019919265021952,Retweet
930019919265021952,930021194870509568,Retweeted
930021182992248832,930020183183327232,Retweet
930020183183327232,930021182992248832,Retweeted
930021182459531264,930020183183327232,Retweet
930020183183327232,930021182459531264,Retweeted
930021149530034176,930020750999851009,Retweet
930020750999851009,930021149530034176,Retweeted
930021143175671808,930019455513628672,Retweet
930019455513628672,930021143175671808,Retweeted
930021130882097153,930019913057619969,Retweet
930019913057619969,930021130882097153,Retweeted
930021120736100353,930020875029663744,Retweet
930020875029663744,930021120736100353,Retweeted
930021108614553600,930020166703779840,Retweet
930020166703779840,930021108614553600,Retweeted
930021108551700480,930019386504761344,Retweet
930019386504761344,930021108551700480,Retweeted
930021072962912256,930020190938718208,Retweet
930020190938718208,930021072962912256,Retweeted
930021069431259136,930020183183327232,Retweet
930020183183327232,930021069431259136,Retweeted
930021068865077248,930020484682534914,Retweet
930020484682534914,930021068865077248,Retweeted
930021068147970048,930019930266787840,Retweet
930019930266787840,930021068147970048,Retweeted
930021045431623680,930019919265021952,Retweet
930019919265021952,930021045431623680,Retweeted
930021018814464000,930019922088026115,Retweet
930019922088026115,930021018814464000,Retweeted
930020996379267072,930019992585818112,Retweet
930019992585818112,930020996379267072,Retweeted
930020996375109633,930019992585818112,Retweet
930019992585818112,930020996375109633,Retweeted
930020996358254592,930019992585818112,Retweet
930019992585818112,930020996358254592,Retweeted
930020995653619714,930018976318472194,Retweet
930018976318472194,930020995653619714,Retweeted
930020976703582209,930019809466740736,Retweet
930019809466740736,930020976703582209,Retweeted
930020976175263745,930020750999851009,Retweet
930020750999851009,930020976175263745,Retweeted
930020968512155654,930020183183327232,Retweet
930020183183327232,930020968512155654,Retweeted
930020955237376000,930020870629752833,Retweet
930020870629752833,930020955237376000,Retweeted
930020955178569729,930020870629752833,Retweet
930020870629752833,930020955178569729,Retweeted
930020955098877952,930020870629752833,Retweet
930020870629752833,930020955098877952,Retweeted
930020955082121217,930020870629752833,Retweet
930020870629752833,930020955082121217,Retweeted
930020954822053891,930020870629752833,Retweet
930020870629752833,930020954822053891,Retweeted
930020954805297155,930020870629752833,Retweet
930020870629752833,930020954805297155,Retweeted
930020954805297154,930020870629752833,Retweet
930020870629752833,930020954805297154,Retweeted
930020954637520897,930020870629752833,Retweet
930020870629752833,930020954637520897,Retweeted
930020954603950080,930020870629752833,Retweet
930020870629752833,930020954603950080,Retweeted
930020954591387649,930020870629752833,Retweet
930020870629752833,930020954591387649,Retweeted
930020954390122497,930020870629752833,Retweet
930020870629752833,930020954390122497,Retweeted
930020954331328512,930020870629752833,Retweet
930020870629752833,930020954331328512,Retweeted
930020954293592064,930020870629752833,Retweet
930020870629752833,930020954293592064,Retweeted
930020954117373953,930020870629752833,Retweet
930020870629752833,930020954117373953,Retweeted
930020953932943360,930020870629752833,Retweet
930020870629752833,930020953932943360,Retweeted
930020953895129088,930020870629752833,Retweet
930020870629752833,930020953895129088,Retweeted
930020953853255680,930020870629752833,Retweet
930020870629752833,930020953853255680,Retweeted
930020953823866881,930020870629752833,Retweet
930020870629752833,930020953823866881,Retweeted
930020953781923840,930020870629752833,Retweet
930020870629752833,930020953781923840,Retweeted
930020953718968320,930020870629752833,Retweet
930020870629752833,930020953718968320,Retweeted
930020953689640962,930020870629752833,Retweet
930020870629752833,930020953689640962,Retweeted
930020953505124352,930020870629752833,Retweet
930020870629752833,930020953505124352,Retweeted
930020953211498496,930020870629752833,Retweet
930020870629752833,930020953211498496,Retweeted
930020953207296000,930020870629752833,Retweet
930020870629752833,930020953207296000,Retweeted
930020953177952256,930020870629752833,Retweet
930020870629752833,930020953177952256,Retweeted
930020953177903104,930020870629752833,Retweet
930020870629752833,930020953177903104,Retweeted
930020953140219904,930020870629752833,Retweet
930020870629752833,930020953140219904,Retweeted
930020953081499649,930020870629752833,Retweet
930020870629752833,930020953081499649,Retweeted
930020953073115139,930020870629752833,Retweet
930020870629752833,930020953073115139,Retweeted
930020952993300480,930020870629752833,Retweet
930020870629752833,930020952993300480,Retweeted
930020952976625664,930020870629752833,Retweet
930020870629752833,930020952976625664,Retweeted
930020952959746049,930020870629752833,Retweet
930020870629752833,930020952959746049,Retweeted
930020952951451648,930020870629752833,Retweet
930020870629752833,930020952951451648,Retweeted
930020952926294016,930020870629752833,Retweet
930020870629752833,930020952926294016,Retweeted
930020952905342977,930020870629752833,Retweet
930020870629752833,930020952905342977,Retweeted
930020952896831488,930020870629752833,Retweet
930020870629752833,930020952896831488,Retweeted
930020952762650626,930020870629752833,Retweet
930020870629752833,930020952762650626,Retweeted
930020952733376512,930020870629752833,Retweet
930020870629752833,930020952733376512,Retweeted
930020952389443584,930020870629752833,Retweet
930020870629752833,930020952389443584,Retweeted
930020952343302144,930020870629752833,Retweet
930020870629752833,930020952343302144,Retweeted
930020952343236608,930020870629752833,Retweet
930020870629752833,930020952343236608,Retweeted
930020952301359104,930020870629752833,Retweet
930020870629752833,930020952301359104,Retweeted
930020952284508161,930020870629752833,Retweet
930020870629752833,930020952284508161,Retweeted
930020952280354816,930020870629752833,Retweet
930020870629752833,930020952280354816,Retweeted
930020952267743232,930020870629752833,Retweet
930020870629752833,930020952267743232,Retweeted
930020952259399682,930020870629752833,Retweet
930020870629752833,930020952259399682,Retweeted
930020951995150336,930020870629752833,Retweet
930020870629752833,930020951995150336,Retweeted
930020951756038144,930020870629752833,Retweet
930020870629752833,930020951756038144,Retweeted
930020951735046144,930020870629752833,Retweet
930020870629752833,930020951735046144,Retweeted
930020951726678016,930020870629752833,Retweet
930020870629752833,930020951726678016,Retweeted
930020951722471424,930020870629752833,Retweet
930020870629752833,930020951722471424,Retweeted
930020951709880320,930020870629752833,Retweet
930020870629752833,930020951709880320,Retweeted
930020951701512193,930020870629752833,Retweet
930020870629752833,930020951701512193,Retweeted
930020951491784704,930020870629752833,Retweet
930020870629752833,930020951491784704,Retweeted
930020951491776512,930020870629752833,Retweet
930020870629752833,930020951491776512,Retweeted
930020951424749569,930020870629752833,Retweet
930020870629752833,930020951424749569,Retweeted
930020951424716800,930020870629752833,Retweet
930020870629752833,930020951424716800,Retweeted
930020951420559360,930020870629752833,Retweet
930020870629752833,930020951420559360,Retweeted
930020951374417920,930020870629752833,Retweet
930020870629752833,930020951374417920,Retweeted
930020951357616129,930020870629752833,Retweet
930020870629752833,930020951357616129,Retweeted
930020951282061313,930020870629752833,Retweet
930020870629752833,930020951282061313,Retweeted
930020951269560321,930020870629752833,Retweet
930020870629752833,930020951269560321,Retweeted
930020951269527552,930020870629752833,Retweet
930020870629752833,930020951269527552,Retweeted
930020951265292288,930020870629752833,Retweet
930020870629752833,930020951265292288,Retweeted
930020951240134656,930020870629752833,Retweet
930020870629752833,930020951240134656,Retweeted
930020951235940352,930020870629752833,Retweet
930020870629752833,930020951235940352,Retweeted
930020951173095427,930020870629752833,Retweet
930020870629752833,930020951173095427,Retweeted
930020951168864256,930020870629752833,Retweet
930020870629752833,930020951168864256,Retweeted
930020951160475648,930020870629752833,Retweet
930020870629752833,930020951160475648,Retweeted
930020951160442880,930020870629752833,Retweet
930020870629752833,930020951160442880,Retweeted
930020951156289537,930020870629752833,Retweet
930020870629752833,930020951156289537,Retweeted
930020951152001024,930020870629752833,Retweet
930020870629752833,930020951152001024,Retweeted
930020951143735296,930020870629752833,Retweet
930020870629752833,930020951143735296,Retweeted
930020951143706625,930020870629752833,Retweet
930020870629752833,930020951143706625,Retweeted
930020951139536896,930020870629752833,Retweet
930020870629752833,930020951139536896,Retweeted
930020951126958081,930020870629752833,Retweet
930020870629752833,930020951126958081,Retweeted
930020951114338304,930020870629752833,Retweet
930020870629752833,930020951114338304,Retweeted
930020951093325829,930020870629752833,Retweet
930020870629752833,930020951093325829,Retweeted
930020951072428032,930020870629752833,Retweet
930020870629752833,930020951072428032,Retweeted
930020950996905989,930020870629752833,Retweet
930020870629752833,930020950996905989,Retweeted
930020950988476417,930020870629752833,Retweet
930020870629752833,930020950988476417,Retweeted
930020950980136961,930020870629752833,Retweet
930020870629752833,930020950980136961,Retweeted
930020950971731973,930020870629752833,Retweet
930020870629752833,930020950971731973,Retweeted
930020950963257346,930020870629752833,Retweet
930020870629752833,930020950963257346,Retweeted
930020950946480128,930020870629752833,Retweet
930020870629752833,930020950946480128,Retweeted
930020950925631494,930020870629752833,Retweet
930020870629752833,930020950925631494,Retweeted
930020950917206017,930020870629752833,Retweet
930020870629752833,930020950917206017,Retweeted
930020950745153537,930020870629752833,Retweet
930020870629752833,930020950745153537,Retweeted
930020950673887232,930020870629752833,Retweet
930020870629752833,930020950673887232,Retweeted
930020950669750272,930020870629752833,Retweet
930020870629752833,930020950669750272,Retweeted
930020950665506817,930020870629752833,Retweet
930020870629752833,930020950665506817,Retweeted
930020950623637504,930020870629752833,Retweet
930020870629752833,930020950623637504,Retweeted
930020950569095168,930020870629752833,Retweet
930020870629752833,930020950569095168,Retweeted
930020950539685888,930020870629752833,Retweet
930020870629752833,930020950539685888,Retweeted
930020950493589505,930020870629752833,Retweet
930020870629752833,930020950493589505,Retweeted
930020950476840960,930020870629752833,Retweet
930020870629752833,930020950476840960,Retweeted
930020950459985920,930020870629752833,Retweet
930020870629752833,930020950459985920,Retweeted
930020950447357952,930020870629752833,Retweet
930020870629752833,930020950447357952,Retweeted
930020950321614848,930020870629752833,Retweet
930020870629752833,930020950321614848,Retweeted
930020950300680193,930020870629752833,Retweet
930020870629752833,930020950300680193,Retweeted
930020950283866112,930020870629752833,Retweet
930020870629752833,930020950283866112,Retweeted
930020950283837445,930020870629752833,Retweet
930020870629752833,930020950283837445,Retweeted
930020950258737154,930020870629752833,Retweet
930020870629752833,930020950258737154,Retweeted
930020950246076416,930020870629752833,Retweet
930020870629752833,930020950246076416,Retweeted
930020950241931265,930020870629752833,Retweet
930020870629752833,930020950241931265,Retweeted
930020950208405504,930020870629752833,Retweet
930020870629752833,930020950208405504,Retweeted
930020950191591424,930020870629752833,Retweet
930020870629752833,930020950191591424,Retweeted
930020950187368450,930020870629752833,Retweet
930020870629752833,930020950187368450,Retweeted
930020950170652672,930020870629752833,Retweet
930020870629752833,930020950170652672,Retweeted
930020944327868421,930020405951303681,Retweet
930020405951303681,930020944327868421,Retweeted
930020934387486720,930020013834227713,Retweet
930020013834227713,930020934387486720,Retweeted
930020931409457153,930020190938718208,Retweet
930020190938718208,930020931409457153,Retweeted
930020919225044992,930020750999851009,Retweet
930020750999851009,930020919225044992,Retweeted
930020907267117056,930020846952906760,Retweet
930020846952906760,930020907267117056,Retweeted
930020907246129153,930020846952906760,Retweet
930020846952906760,930020907246129153,Retweeted
930020907006951424,930020846952906760,Retweet
930020846952906760,930020907006951424,Retweeted
930020906994368512,930020846952906760,Retweet
930020846952906760,930020906994368512,Retweeted
930020906797355010,930020846952906760,Retweet
930020846952906760,930020906797355010,Retweeted
930020906679832576,930020846952906760,Retweet
930020846952906760,930020906679832576,Retweeted
930020906675724289,930020846952906760,Retweet
930020846952906760,930020906675724289,Retweeted
930020906554089472,930020846952906760,Retweet
930020846952906760,930020906554089472,Retweeted
930020906436562944,930020846952906760,Retweet
930020846952906760,930020906436562944,Retweeted
930020906373611520,930020846952906760,Retweet
930020846952906760,930020906373611520,Retweeted
930020906340159489,930020846952906760,Retweet
930020846952906760,930020906340159489,Retweeted
930020906327511041,930020846952906760,Retweet
930020846952906760,930020906327511041,Retweeted
930020906252099584,930020846952906760,Retweet
930020846952906760,930020906252099584,Retweeted
930020906201690112,930020846952906760,Retweet
930020846952906760,930020906201690112,Retweeted
930020905845129216,930020846952906760,Retweet
930020846952906760,930020905845129216,Retweeted
930020905836863489,930020846952906760,Retweet
930020846952906760,930020905836863489,Retweeted
930020905794920448,930020846952906760,Retweet
930020846952906760,930020905794920448,Retweeted
930020905732001792,930020846952906760,Retweet
930020846952906760,930020905732001792,Retweeted
930020905681674241,930020846952906760,Retweet
930020846952906760,930020905681674241,Retweeted
930020905681645569,930020846952906760,Retweet
930020846952906760,930020905681645569,Retweeted
930020905681645568,930020846952906760,Retweet
930020846952906760,930020905681645568,Retweeted
930020905656479744,930020846952906760,Retweet
930020846952906760,930020905656479744,Retweeted
930020905618722816,930020846952906760,Retweet
930020846952906760,930020905618722816,Retweeted
930020905610248192,930020846952906760,Retweet
930020846952906760,930020905610248192,Retweeted
930020905434140672,930020846952906760,Retweet
930020846952906760,930020905434140672,Retweeted
930020905409007616,930020846952906760,Retweet
930020846952906760,930020905409007616,Retweeted
930020905404829698,930020846952906760,Retweet
930020846952906760,930020905404829698,Retweeted
930020905392263168,930020846952906760,Retweet
930020846952906760,930020905392263168,Retweeted
930020905224474624,930020846952906760,Retweet
930020846952906760,930020905224474624,Retweeted
930020905165774848,930020846952906760,Retweet
930020846952906760,930020905165774848,Retweeted
930020905136394240,930020846952906760,Retweet
930020846952906760,930020905136394240,Retweeted
930020904960176128,930020846952906760,Retweet
930020846952906760,930020904960176128,Retweeted
930020904955990016,930020846952906760,Retweet
930020846952906760,930020904955990016,Retweeted
930020904943353856,930020846952906760,Retweet
930020846952906760,930020904943353856,Retweeted
930020904771489792,930020846952906760,Retweet
930020846952906760,930020904771489792,Retweeted
930020904725250048,930020846952906760,Retweet
930020846952906760,930020904725250048,Retweeted
930020904666566656,930020846952906760,Retweet
930020846952906760,930020904666566656,Retweeted
930020904620478464,930020846952906760,Retweet
930020846952906760,930020904620478464,Retweeted
930020904398151680,930020846952906760,Retweet
930020846952906760,930020904398151680,Retweeted
930020904389828609,930020846952906760,Retweet
930020846952906760,930020904389828609,Retweeted
930020904368779264,930020846952906760,Retweet
930020846952906760,930020904368779264,Retweeted
930020904335237120,930020846952906760,Retweet
930020846952906760,930020904335237120,Retweeted
930020904322654208,930020846952906760,Retweet
930020846952906760,930020904322654208,Retweeted
930020904272359424,930020846952906760,Retweet
930020846952906760,930020904272359424,Retweeted
930020904272322560,930020846952906760,Retweet
930020846952906760,930020904272322560,Retweeted
930020904268124160,930020846952906760,Retweet
930020846952906760,930020904268124160,Retweeted
930020904251379712,930020846952906760,Retweet
930020846952906760,930020904251379712,Retweeted
930020904247218178,930020846952906760,Retweet
930020846952906760,930020904247218178,Retweeted
930020903945203712,930020846952906760,Retweet
930020846952906760,930020903945203712,Retweeted
930020903743868930,930020846952906760,Retweet
930020846952906760,930020903743868930,Retweeted
930020903659982848,930020846952906760,Retweet
930020846952906760,930020903659982848,Retweeted
930020903622242304,930020846952906760,Retweet
930020846952906760,930020903622242304,Retweeted
930020903563427841,930020846952906760,Retweet
930020846952906760,930020903563427841,Retweeted
930020903144091648,930020846952906760,Retweet
930020846952906760,930020903144091648,Retweeted
930020903135662080,930020846952906760,Retweet
930020846952906760,930020903135662080,Retweeted
930020903131533313,930020846952906760,Retweet
930020846952906760,930020903131533313,Retweeted
930020903131508738,930020846952906760,Retweet
930020846952906760,930020903131508738,Retweeted
930020903131508736,930020846952906760,Retweet
930020846952906760,930020903131508736,Retweeted
930020903131459584,930020846952906760,Retweet
930020846952906760,930020903131459584,Retweeted
930020903123144706,930020846952906760,Retweet
930020846952906760,930020903123144706,Retweeted
930020903118831616,930020846952906760,Retweet
930020846952906760,930020903118831616,Retweeted
930020903051816961,930020846952906760,Retweet
930020846952906760,930020903051816961,Retweeted
930020903014010880,930020846952906760,Retweet
930020846952906760,930020903014010880,Retweeted
930020902984671232,930020846952906760,Retweet
930020846952906760,930020902984671232,Retweeted
930020902959505408,930020846952906760,Retweet
930020846952906760,930020902959505408,Retweeted
930020902959448064,930020846952906760,Retweet
930020846952906760,930020902959448064,Retweeted
930020902938570752,930020846952906760,Retweet
930020846952906760,930020902938570752,Retweeted
930020902900850689,930020846952906760,Retweet
930020846952906760,930020902900850689,Retweeted
930020902879809536,930020846952906760,Retweet
930020846952906760,930020902879809536,Retweeted
930020902846287872,930020846952906760,Retweet
930020846952906760,930020902846287872,Retweeted
930020902833618944,930020846952906760,Retweet
930020846952906760,930020902833618944,Retweeted
930020902816944128,930020846952906760,Retweet
930020846952906760,930020902816944128,Retweeted
930020902808539136,930020846952906760,Retweet
930020846952906760,930020902808539136,Retweeted
930020902804361217,930020846952906760,Retweet
930020846952906760,930020902804361217,Retweeted
930020902762438657,930020846952906760,Retweet
930020846952906760,930020902762438657,Retweeted
930020902745657344,930020846952906760,Retweet
930020846952906760,930020902745657344,Retweeted
930020902720458754,930020846952906760,Retweet
930020846952906760,930020902720458754,Retweeted
930020902410113024,930020846952906760,Retweet
930020846952906760,930020902410113024,Retweeted
930020902401642496,930020846952906760,Retweet
930020846952906760,930020902401642496,Retweeted
930020902380756993,930020846952906760,Retweet
930020846952906760,930020902380756993,Retweeted
930020902380720128,930020846952906760,Retweet
930020846952906760,930020902380720128,Retweeted
930020902372364289,930020846952906760,Retweet
930020846952906760,930020902372364289,Retweeted
930020902355562496,930020846952906760,Retweet
930020846952906760,930020902355562496,Retweeted
930020902355525633,930020846952906760,Retweet
930020846952906760,930020902355525633,Retweeted
930020902351319040,930020846952906760,Retweet
930020846952906760,930020902351319040,Retweeted
930020902334615553,930020846952906760,Retweet
930020846952906760,930020902334615553,Retweeted
930020902275821568,930020846952906760,Retweet
930020846952906760,930020902275821568,Retweeted
930020902233952257,930020846952906760,Retweet
930020846952906760,930020902233952257,Retweeted
930020902221303809,930020846952906760,Retweet
930020846952906760,930020902221303809,Retweeted
930020902212861952,930020846952906760,Retweet
930020846952906760,930020902212861952,Retweeted
930020902192013312,930020846952906760,Retweet
930020846952906760,930020902192013312,Retweeted
930020902191976448,930020846952906760,Retweet
930020846952906760,930020902191976448,Retweeted
930020902175166464,930020846952906760,Retweet
930020846952906760,930020902175166464,Retweeted
930020902166769664,930020846952906760,Retweet
930020846952906760,930020902166769664,Retweeted
930020902162583552,930020846952906760,Retweet
930020846952906760,930020902162583552,Retweeted
930020902099615746,930020846952906760,Retweet
930020846952906760,930020902099615746,Retweeted
930020902061867008,930020846952906760,Retweet
930020846952906760,930020902061867008,Retweeted
930020902053523456,930020846952906760,Retweet
930020846952906760,930020902053523456,Retweeted
930020902049406976,930020846952906760,Retweet
930020846952906760,930020902049406976,Retweeted
930020902040989696,930020846952906760,Retweet
930020846952906760,930020902040989696,Retweeted
930020902011592704,930020846952906760,Retweet
930020846952906760,930020902011592704,Retweeted
930020901994815488,930020846952906760,Retweet
930020846952906760,930020901994815488,Retweeted
930020901986492416,930020846952906760,Retweet
930020846952906760,930020901986492416,Retweeted
930020901978034176,930020846952906760,Retweet
930020846952906760,930020901978034176,Retweeted
930020901969715201,930020846952906760,Retweet
930020846952906760,930020901969715201,Retweeted
930020901957095429,930020846952906760,Retweet
930020846952906760,930020901957095429,Retweeted
930020901952901121,930020846952906760,Retweet
930020846952906760,930020901952901121,Retweeted
930020901936037891,930020846952906760,Retweet
930020846952906760,930020901936037891,Retweeted
930020901931900928,930020846952906760,Retweet
930020846952906760,930020901931900928,Retweeted
930020884298874881,930019317906751488,Retweet
930019317906751488,930020884298874881,Retweeted
930020878397698049,930020183183327232,Retweet
930020183183327232,930020878397698049,Retweeted
930020865474945024,930019809466740736,Retweet
930019809466740736,930020865474945024,Retweeted
930020857140973568,930020190938718208,Retweet
930020190938718208,930020857140973568,Retweeted
930020849423409157,930020750999851009,Retweet
930020750999851009,930020849423409157,Retweeted
930020810542153728,930020723195809792,Retweet
930020723195809792,930020810542153728,Retweeted
930020810521268224,930020723195809792,Retweet
930020723195809792,930020810521268224,Retweeted
930020810412253184,930020723195809792,Retweet
930020723195809792,930020810412253184,Retweeted
930020810403778560,930020723195809792,Retweet
930020723195809792,930020810403778560,Retweeted
930020810395410432,930020723195809792,Retweet
930020723195809792,930020810395410432,Retweeted
930020810395398144,930020723195809792,Retweet
930020723195809792,930020810395398144,Retweeted
930020810370232320,930020723195809792,Retweet
930020723195809792,930020810370232320,Retweeted
930020810361851904,930020723195809792,Retweet
930020723195809792,930020810361851904,Retweeted
930020809900478464,930020723195809792,Retweet
930020723195809792,930020809900478464,Retweeted
930020809875378176,930020723195809792,Retweet
930020723195809792,930020809875378176,Retweeted
930020809841807360,930020723195809792,Retweet
930020723195809792,930020809841807360,Retweeted
930020809745281024,930020723195809792,Retweet
930020723195809792,930020809745281024,Retweeted
930020809711804416,930020723195809792,Retweet
930020723195809792,930020809711804416,Retweeted
930020809640497152,930020723195809792,Retweet
930020723195809792,930020809640497152,Retweeted
930020809640472576,930020723195809792,Retweet
930020723195809792,930020809640472576,Retweeted
930020809640431616,930020723195809792,Retweet
930020723195809792,930020809640431616,Retweeted
930020809631965184,930020723195809792,Retweet
930020723195809792,930020809631965184,Retweeted
930020809615306752,930020723195809792,Retweet
930020723195809792,930020809615306752,Retweeted
930020809611137025,930020723195809792,Retweet
930020723195809792,930020809611137025,Retweeted
930020809552355328,930020723195809792,Retweet
930020723195809792,930020809552355328,Retweeted
930020809543946240,930020723195809792,Retweet
930020723195809792,930020809543946240,Retweeted
930020809539772416,930020723195809792,Retweet
930020723195809792,930020809539772416,Retweeted
930020809535520768,930020723195809792,Retweet
930020723195809792,930020809535520768,Retweeted
930020809518829568,930020723195809792,Retweet
930020723195809792,930020809518829568,Retweeted
930020809514594304,930020723195809792,Retweet
930020723195809792,930020809514594304,Retweeted
930020809510412288,930020723195809792,Retweet
930020723195809792,930020809510412288,Retweeted
930020809506283525,930020723195809792,Retweet
930020723195809792,930020809506283525,Retweeted
930020808906326016,930020723195809792,Retweet
930020723195809792,930020808906326016,Retweeted
930020808872865793,930020723195809792,Retweet
930020723195809792,930020808872865793,Retweeted
930020808797442049,930020723195809792,Retweet
930020723195809792,930020808797442049,Retweeted
930020808738660352,930020723195809792,Retweet
930020723195809792,930020808738660352,Retweeted
930020808705085440,930020723195809792,Retweet
930020723195809792,930020808705085440,Retweeted
930020808688394240,930020723195809792,Retweet
930020723195809792,930020808688394240,Retweeted
930020808684122113,930020723195809792,Retweet
930020723195809792,930020808684122113,Retweeted
930020808684113920,930020723195809792,Retweet
930020723195809792,930020808684113920,Retweeted
930020808679976960,930020723195809792,Retweet
930020723195809792,930020808679976960,Retweeted
930020808667418624,930020723195809792,Retweet
930020723195809792,930020808667418624,Retweeted
930020808617070592,930020723195809792,Retweet
930020723195809792,930020808617070592,Retweeted
930020808608673792,930020723195809792,Retweet
930020723195809792,930020808608673792,Retweeted
930020808033959936,930020723195809792,Retweet
930020723195809792,930020808033959936,Retweeted
930020807987879936,930020723195809792,Retweet
930020723195809792,930020807987879936,Retweeted
930020807971045376,930020723195809792,Retweet
930020723195809792,930020807971045376,Retweeted
930020807954313216,930020723195809792,Retweet
930020723195809792,930020807954313216,Retweeted
930020807945973761,930020723195809792,Retweet
930020723195809792,930020807945973761,Retweeted
930020807937585153,930019522928693249,Retweet
930019522928693249,930020807937585153,Retweeted
930020807929159680,930020723195809792,Retweet
930020723195809792,930020807929159680,Retweeted
930020807916564480,930020723195809792,Retweet
930020723195809792,930020807916564480,Retweeted
930020807904055297,930020723195809792,Retweet
930020723195809792,930020807904055297,Retweeted
930020807904038912,930020723195809792,Retweet
930020723195809792,930020807904038912,Retweeted
930020807903973378,930020723195809792,Retweet
930020723195809792,930020807903973378,Retweeted
930020807887278080,930020723195809792,Retweet
930020723195809792,930020807887278080,Retweeted
930020807883059201,930020723195809792,Retweet
930020723195809792,930020807883059201,Retweeted
930020807870484481,930020723195809792,Retweet
930020723195809792,930020807870484481,Retweeted
930020807228690433,930020723195809792,Retweet
930020723195809792,930020807228690433,Retweeted
930020807174184960,930020723195809792,Retweet
930020723195809792,930020807174184960,Retweeted
930020807174180864,930020723195809792,Retweet
930020723195809792,930020807174180864,Retweeted
930020807157469191,930020723195809792,Retweet
930020723195809792,930020807157469191,Retweeted
930020807102824448,930020723195809792,Retweet
930020723195809792,930020807102824448,Retweeted
930020807098667008,930020723195809792,Retweet
930020723195809792,930020807098667008,Retweeted
930020807077695488,930020723195809792,Retweet
930020723195809792,930020807077695488,Retweeted
930020807073550336,930020723195809792,Retweet
930020723195809792,930020807073550336,Retweeted
930020807060975616,930020723195809792,Retweet
930020723195809792,930020807060975616,Retweeted
930020805827813376,930020723195809792,Retweet
930020723195809792,930020805827813376,Retweeted
930020805806870528,930020723195809792,Retweet
930020723195809792,930020805806870528,Retweeted
930020805764935681,930020723195809792,Retweet
930020723195809792,930020805764935681,Retweeted
930020805718761473,930020723195809792,Retweet
930020723195809792,930020805718761473,Retweeted
930020805710368768,930020723195809792,Retweet
930020723195809792,930020805710368768,Retweeted
930020805672685569,930020723195809792,Retweet
930020723195809792,930020805672685569,Retweeted
930020805660041217,930020723195809792,Retweet
930020723195809792,930020805660041217,Retweeted
930020805630660608,930020723195809792,Retweet
930020723195809792,930020805630660608,Retweeted
930020805630574592,930020723195809792,Retweet
930020723195809792,930020805630574592,Retweeted
930020805626552320,930020723195809792,Retweet
930020723195809792,930020805626552320,Retweeted
930020805605580800,930020723195809792,Retweet
930020723195809792,930020805605580800,Retweeted
930020805605576704,930020723195809792,Retweet
930020723195809792,930020805605576704,Retweeted
930020805563568129,930020723195809792,Retweet
930020723195809792,930020805563568129,Retweeted
930020805563559936,930020723195809792,Retweet
930020723195809792,930020805563559936,Retweeted
930020805542662144,930020723195809792,Retweet
930020723195809792,930020805542662144,Retweeted
930020805525868544,930020723195809792,Retweet
930020723195809792,930020805525868544,Retweeted
930020805521625088,930020723195809792,Retweet
930020723195809792,930020805521625088,Retweeted
930020805513302016,930020723195809792,Retweet
930020723195809792,930020805513302016,Retweeted
930020805513228288,930020723195809792,Retweet
930020723195809792,930020805513228288,Retweeted
930020805509042176,930020723195809792,Retweet
930020723195809792,930020805509042176,Retweeted
930020805500657664,930020723195809792,Retweet
930020723195809792,930020805500657664,Retweeted
930020805475557376,930020723195809792,Retweet
930020723195809792,930020805475557376,Retweeted
930020805458694145,930020723195809792,Retweet
930020723195809792,930020805458694145,Retweeted
930020805441916929,930020723195809792,Retweet
930020723195809792,930020805441916929,Retweeted
930020805412605952,930020723195809792,Retweet
930020723195809792,930020805412605952,Retweeted
930020805391650816,930020723195809792,Retweet
930020723195809792,930020805391650816,Retweeted
930020805118963712,930020723195809792,Retweet
930020723195809792,930020805118963712,Retweeted
930020804942802945,930020723195809792,Retweet
930020723195809792,930020804942802945,Retweeted
930020804909289472,930020723195809792,Retweet
930020723195809792,930020804909289472,Retweeted
930020804905132032,930020723195809792,Retweet
930020723195809792,930020804905132032,Retweeted
930020804879888385,930020723195809792,Retweet
930020723195809792,930020804879888385,Retweeted
930020804871491584,930020723195809792,Retweet
930020723195809792,930020804871491584,Retweeted
930020804858929152,930020723195809792,Retweet
930020723195809792,930020804858929152,Retweeted
930020804842180608,930020723195809792,Retweet
930020723195809792,930020804842180608,Retweeted
930020804829605888,930020723195809792,Retweet
930020723195809792,930020804829605888,Retweeted
930020804795994112,930020723195809792,Retweet
930020723195809792,930020804795994112,Retweeted
930020804745744384,930020723195809792,Retweet
930020723195809792,930020804745744384,Retweeted
930020804745678849,930020723195809792,Retweet
930020723195809792,930020804745678849,Retweeted
930020804737323009,930020723195809792,Retweet
930020723195809792,930020804737323009,Retweeted
930020804724748288,930020723195809792,Retweet
930020723195809792,930020804724748288,Retweeted
930020804712173569,930020723195809792,Retweet
930020723195809792,930020804712173569,Retweeted
930020804695293952,930020723195809792,Retweet
930020723195809792,930020804695293952,Retweeted
930020804691202048,930020723195809792,Retweet
930020723195809792,930020804691202048,Retweeted
930020804661739520,930020723195809792,Retweet
930020723195809792,930020804661739520,Retweeted
930020804649213954,930020723195809792,Retweet
930020723195809792,930020804649213954,Retweeted
930020804649201664,930020723195809792,Retweet
930020723195809792,930020804649201664,Retweeted
930020804624093185,930020723195809792,Retweet
930020723195809792,930020804624093185,Retweeted
930020802950516736,930019403651002369,Retweet
930019403651002369,930020802950516736,Retweeted
930020791080677376,930020750999851009,Retweet
930020750999851009,930020791080677376,Retweeted
930020769832275968,930020706779312128,Retweet
930020706779312128,930020769832275968,Retweeted
930020769748475904,930020706779312128,Retweet
930020706779312128,930020769748475904,Retweeted
930020769744216064,930020706779312128,Retweet
930020706779312128,930020769744216064,Retweeted
930020769689735168,930020706779312128,Retweet
930020706779312128,930020769689735168,Retweeted
930020769656131584,930020706779312128,Retweet
930020706779312128,930020769656131584,Retweeted
930020769651884032,930020706779312128,Retweet
930020706779312128,930020769651884032,Retweeted
930020769643532289,930020706779312128,Retweet
930020706779312128,930020769643532289,Retweeted
930020769597415430,930020706779312128,Retweet
930020706779312128,930020769597415430,Retweeted
930020769576439808,930020706779312128,Retweet
930020706779312128,930020769576439808,Retweeted
930020769094086656,930020706779312128,Retweet
930020706779312128,930020769094086656,Retweeted
930020769047941120,930020706779312128,Retweet
930020706779312128,930020769047941120,Retweeted
930020768993501186,930020706779312128,Retweet
930020706779312128,930020768993501186,Retweeted
930020768947298306,930020706779312128,Retweet
930020706779312128,930020768947298306,Retweeted
930020768834031616,930020706779312128,Retweet
930020706779312128,930020768834031616,Retweeted
930020768821514240,930020706779312128,Retweet
930020706779312128,930020768821514240,Retweeted
930020768724996096,930020706779312128,Retweet
930020706779312128,930020768724996096,Retweeted
930020768641101824,930020706779312128,Retweet
930020706779312128,930020768641101824,Retweeted
930020768385290240,930020706779312128,Retweet
930020706779312128,930020768385290240,Retweeted
930020768288772097,930020706779312128,Retweet
930020706779312128,930020768288772097,Retweeted
930020768209080320,930020706779312128,Retweet
930020706779312128,930020768209080320,Retweeted
930020768154570752,930020706779312128,Retweet
930020706779312128,930020768154570752,Retweeted
930020768129388546,930020706779312128,Retweet
930020706779312128,930020768129388546,Retweeted
930020768058167297,930020706779312128,Retweet
930020706779312128,930020768058167297,Retweeted
930020768041308160,930020706779312128,Retweet
930020706779312128,930020768041308160,Retweeted
930020767953293312,930020706779312128,Retweet
930020706779312128,930020767953293312,Retweeted
930020767877812229,930020706779312128,Retweet
930020706779312128,930020767877812229,Retweeted
930020767563239424,930020706779312128,Retweet
930020706779312128,930020767563239424,Retweeted
930020767504502784,930020706779312128,Retweet
930020706779312128,930020767504502784,Retweeted
930020767449960449,930020706779312128,Retweet
930020706779312128,930020767449960449,Retweeted
930020767441539074,930020706779312128,Retweet
930020706779312128,930020767441539074,Retweeted
930020767437344768,930020706779312128,Retweet
930020706779312128,930020767437344768,Retweeted
930020767387017216,930020706779312128,Retweet
930020706779312128,930020767387017216,Retweeted
930020767382765568,930020706779312128,Retweet
930020706779312128,930020767382765568,Retweeted
930020767378665472,930020706779312128,Retweet
930020706779312128,930020767378665472,Retweeted
930020767328239616,930020706779312128,Retweet
930020706779312128,930020767328239616,Retweeted
930020767307386887,930020706779312128,Retweet
930020706779312128,930020767307386887,Retweeted
930020767189950464,930020706779312128,Retweet
930020706779312128,930020767189950464,Retweeted
930020767135404033,930020706779312128,Retweet
930020706779312128,930020767135404033,Retweeted
930020766871154688,930020706779312128,Retweet
930020706779312128,930020766871154688,Retweeted
930020766795563008,930020706779312128,Retweet
930020706779312128,930020766795563008,Retweeted
930020766736928768,930020706779312128,Retweet
930020706779312128,930020766736928768,Retweeted
930020766657208320,930020706779312128,Retweet
930020706779312128,930020766657208320,Retweeted
930020766602747904,930020706779312128,Retweet
930020706779312128,930020766602747904,Retweeted
930020766523035648,930020706779312128,Retweet
930020706779312128,930020766523035648,Retweeted
930020766447489025,930020706779312128,Retweet
930020706779312128,930020766447489025,Retweeted
930020766376218624,930020706779312128,Retweet
930020706779312128,930020766376218624,Retweeted
930020765986148353,930020706779312128,Retweet
930020706779312128,930020765986148353,Retweeted
930020765742792704,930020706779312128,Retweet
930020706779312128,930020765742792704,Retweeted
930020765646376966,930020706779312128,Retweet
930020706779312128,930020765646376966,Retweeted
930020765637980160,930020706779312128,Retweet
930020706779312128,930020765637980160,Retweeted
930020765617065985,930020706779312128,Retweet
930020706779312128,930020765617065985,Retweeted
930020765583466496,930020706779312128,Retweet
930020706779312128,930020765583466496,Retweeted
930020765566734336,930020706779312128,Retweet
930020706779312128,930020765566734336,Retweeted
930020765562556417,930020706779312128,Retweet
930020706779312128,930020765562556417,Retweeted
930020765558243328,930020706779312128,Retweet
930020706779312128,930020765558243328,Retweeted
930020765554167808,930020706779312128,Retweet
930020706779312128,930020765554167808,Retweeted
930020765549854721,930020706779312128,Retweet
930020706779312128,930020765549854721,Retweeted
930020765545783297,930020706779312128,Retweet
930020706779312128,930020765545783297,Retweeted
930020765491253248,930020706779312128,Retweet
930020706779312128,930020765491253248,Retweeted
930020765478596608,930020706779312128,Retweet
930020706779312128,930020765478596608,Retweeted
930020765470257152,930020706779312128,Retweet
930020706779312128,930020765470257152,Retweeted
930020765470248961,930020706779312128,Retweet
930020706779312128,930020765470248961,Retweeted
930020765470248960,930020706779312128,Retweet
930020706779312128,930020765470248960,Retweeted
930020765466087425,930020706779312128,Retweet
930020706779312128,930020765466087425,Retweeted
930020765466087424,930020706779312128,Retweet
930020706779312128,930020765466087424,Retweeted
930020765461827584,930020706779312128,Retweet
930020706779312128,930020765461827584,Retweeted
930020765461774337,930020706779312128,Retweet
930020706779312128,930020765461774337,Retweeted
930020765453438976,930020706779312128,Retweet
930020706779312128,930020765453438976,Retweeted
930020765453430784,930020706779312128,Retweet
930020706779312128,930020765453430784,Retweeted
930020765449314304,930020706779312128,Retweet
930020706779312128,930020765449314304,Retweeted
930020765445115905,930020706779312128,Retweet
930020706779312128,930020765445115905,Retweeted
930020765407305728,930020706779312128,Retweet
930020706779312128,930020765407305728,Retweeted
930020765403172864,930020706779312128,Retweet
930020706779312128,930020765403172864,Retweeted
930020765394784258,930020706779312128,Retweet
930020706779312128,930020765394784258,Retweeted
930020765373779969,930020706779312128,Retweet
930020706779312128,930020765373779969,Retweeted
930020765373779968,930020706779312128,Retweet
930020706779312128,930020765373779968,Retweeted
930020765365362688,930020706779312128,Retweet
930020706779312128,930020765365362688,Retweeted
930020765361229824,930020706779312128,Retweet
930020706779312128,930020765361229824,Retweeted
930020765356953602,930020706779312128,Retweet
930020706779312128,930020765356953602,Retweeted
930020765344456705,930020706779312128,Retweet
930020706779312128,930020765344456705,Retweeted
930020765344387073,930020706779312128,Retweet
930020706779312128,930020765344387073,Retweeted
930020765344370688,930020706779312128,Retweet
930020706779312128,930020765344370688,Retweeted
930020765340233729,930020706779312128,Retweet
930020706779312128,930020765340233729,Retweeted
930020765323419650,930020706779312128,Retweet
930020706779312128,930020765323419650,Retweeted
930020765319290880,930020706779312128,Retweet
930020706779312128,930020765319290880,Retweeted
930020765314973696,930020706779312128,Retweet
930020706779312128,930020765314973696,Retweeted
930020764971159554,930020706779312128,Retweet
930020706779312128,930020764971159554,Retweeted
930020764954386433,930020706779312128,Retweet
930020706779312128,930020764954386433,Retweeted
930020764954386432,930020706779312128,Retweet
930020706779312128,930020764954386432,Retweeted
930020764916637697,930020706779312128,Retweet
930020706779312128,930020764916637697,Retweeted
930020764887257088,930020706779312128,Retweet
930020706779312128,930020764887257088,Retweeted
930020764845256704,930020706779312128,Retweet
930020706779312128,930020764845256704,Retweeted
930020764828471297,930020706779312128,Retweet
930020706779312128,930020764828471297,Retweeted
930020764820168704,930020706779312128,Retweet
930020706779312128,930020764820168704,Retweeted
930020764803387392,930020706779312128,Retweet
930020706779312128,930020764803387392,Retweeted
930020764761444352,930020706779312128,Retweet
930020706779312128,930020764761444352,Retweeted
930020764748795905,930020706779312128,Retweet
930020706779312128,930020764748795905,Retweeted
930020764748795904,930020706779312128,Retweet
930020706779312128,930020764748795904,Retweeted
930020764727644160,930020706779312128,Retweet
930020706779312128,930020764727644160,Retweeted
930020764681728001,930020706779312128,Retweet
930020706779312128,930020764681728001,Retweeted
930020764614582272,930020706779312128,Retweet
930020706779312128,930020764614582272,Retweeted
930020764606230528,930020706779312128,Retweet
930020706779312128,930020764606230528,Retweeted
930020764601978880,930020706779312128,Retweet
930020706779312128,930020764601978880,Retweeted
930020764597784576,930020706779312128,Retweet
930020706779312128,930020764597784576,Retweeted
930020764589416448,930020706779312128,Retweet
930020706779312128,930020764589416448,Retweeted
930020764585259009,930020706779312128,Retweet
930020706779312128,930020764585259009,Retweeted
930020764576862209,930020706779312128,Retweet
930020706779312128,930020764576862209,Retweeted
930020764572626944,930020706779312128,Retweet
930020706779312128,930020764572626944,Retweeted
930020753382297600,930020750999851009,Retweet
930020750999851009,930020753382297600,Retweeted
930020747430580224,930019606168768512,Retweet
930019606168768512,930020747430580224,Retweeted
930020714849107968,930020485303214080,Retweet
930020485303214080,930020714849107968,Retweeted
930020677566025729,930020190938718208,Retweet
930020190938718208,930020677566025729,Retweeted
930020667403264000,930020183183327232,Retweet
930020183183327232,930020667403264000,Retweeted
930020653566218245,930020190938718208,Retweet
930020190938718208,930020653566218245,Retweeted
930020633554993152,930018746395062272,Retweet
930018746395062272,930020633554993152,Retweeted
930020629830684672,930020333574328320,Retweet
930020333574328320,930020629830684672,Retweeted
930020624105435136,930019455513628672,Retweet
930019455513628672,930020624105435136,Retweeted
930020621714587648,930020190938718208,Retweet
930020190938718208,930020621714587648,Retweeted
930020601850417152,930019809466740736,Retweet
930019809466740736,930020601850417152,Retweeted
930020580824436738,930019939720802304,Retweet
930019939720802304,930020580824436738,Retweeted
930020518274592768,930019297694334976,Retweet
930019297694334976,930020518274592768,Retweeted
930020464927195136,930020183183327232,Retweet
930020183183327232,930020464927195136,Retweeted
930020461886558208,930018843094855680,Retweet
930018843094855680,930020461886558208,Retweeted
930020455909658624,930020077759598592,Retweet
930020077759598592,930020455909658624,Retweeted
930020442785579008,930019939720802304,Retweet
930019939720802304,930020442785579008,Retweeted
930020408610443265,930020053528977408,Retweet
930020053528977408,930020408610443265,Retweeted
930020390042251264,930019455513628672,Retweet
930019455513628672,930020390042251264,Retweeted
930020384367431680,930019625299038208,Retweet
930019625299038208,930020384367431680,Retweeted
930020372967280640,930018739952799744,Retweet
930018739952799744,930020372967280640,Retweeted
930020361516838912,930019417710137350,Retweet
930019417710137350,930020361516838912,Retweeted
930020355091193856,930019455513628672,Retweet
930019455513628672,930020355091193856,Retweeted
930020325114437635,930019029028401153,Retweet
930019029028401153,930020325114437635,Retweeted
930020280881369088,930019455513628672,Retweet
930019455513628672,930020280881369088,Retweeted
930020277425180672,930020183183327232,Retweet
930020183183327232,930020277425180672,Retweeted
930020262526951424,930018746395062272,Retweet
930018746395062272,930020262526951424,Retweeted
930020260928983040,930019455513628672,Retweet
930019455513628672,930020260928983040,Retweeted
930020251818975232,930020190938718208,Retweet
930020190938718208,930020251818975232,Retweeted
930020234068553728,930020183183327232,Retweet
930020183183327232,930020234068553728,Retweeted
930020225969524736,930019455513628672,Retweet
930019455513628672,930020225969524736,Retweeted
930020154745929728,930018746395062272,Retweet
930018746395062272,930020154745929728,Retweeted
930020133971439622,930019809466740736,Retweet
930019809466740736,930020133971439622,Retweeted
930020132218396673,930020027948027904,Retweet
930020027948027904,930020132218396673,Retweeted
930020115738894336,930018746395062272,Retweet
930018746395062272,930020115738894336,Retweeted
930020112177905664,930019913057619969,Retweet
930019913057619969,930020112177905664,Retweeted
930020074093727745,930019455513628672,Retweet
930019455513628672,930020074093727745,Retweeted
930020042690797568,930019821680562176,Retweet
930019821680562176,930020042690797568,Retweeted
930020013540499456,930018746395062272,Retweet
930018746395062272,930020013540499456,Retweeted
930019984171991040,930019455513628672,Retweet
930019455513628672,930019984171991040,Retweeted
930019934851051520,930018739952799744,Retweet
930018739952799744,930019934851051520,Retweeted
930019901078515713,930019735676141569,Retweet
930019735676141569,930019901078515713,Retweeted
930019865938632704,930019403651002369,Retweet
930019403651002369,930019865938632704,Retweeted
930019858485407744,930019501461999617,Retweet
930019501461999617,930019858485407744,Retweeted
930019854412783616,930019049098108928,Retweet
930019049098108928,930019854412783616,Retweeted
930019841863573505,930019445174685696,Retweet
930019445174685696,930019841863573505,Retweeted
930019832086401024,930019297694334976,Retweet
930019297694334976,930019832086401024,Retweeted
930019815154167808,930019417710137350,Retweet
930019417710137350,930019815154167808,Retweeted
930019785185751040,930019403651002369,Retweet
930019403651002369,930019785185751040,Retweeted
930019761605488640,930019455513628672,Retweet
930019455513628672,930019761605488640,Retweeted
930019696237309952,930019293181415424,Retweet
930019293181415424,930019696237309952,Retweeted
930019687467028480,930018701235105792,Retweet
930018701235105792,930019687467028480,Retweeted
930019679900446720,930018963559415808,Retweet
930018963559415808,930019679900446720,Retweeted
930019659943960576,930019628037955584,Retweet
930019628037955584,930019659943960576,Retweeted
930019627199094784,930019455513628672,Retweet
930019455513628672,930019627199094784,Retweeted
930019595800293376,930019423779307521,Retweet
930019423779307521,930019595800293376,Retweeted
930019577664278529,930018726937878528,Retweet
930018726937878528,930019577664278529,Retweeted
930019568436817920,930019516339359744,Retweet
930019516339359744,930019568436817920,Retweeted
930019549281472513,930019455513628672,Retweet
930019455513628672,930019549281472513,Retweeted
930019543619133440,930019455513628672,Retweet
930019455513628672,930019543619133440,Retweeted
930019479827898369,930018746395062272,Retweet
930018746395062272,930019479827898369,Retweeted
930019436261670913,930018854989950976,Retweet
930018854989950976,930019436261670913,Retweeted
930019411372773376,930018843094855680,Retweet
930018843094855680,930019411372773376,Retweeted
930019310990512128,930018860639629312,Retweet
930018860639629312,930019310990512128,Retweeted
930019292854173697,930019102336409600,Retweet
930019102336409600,930019292854173697,Retweeted
930019292808179713,930019102336409600,Retweet
930019102336409600,930019292808179713,Retweeted
930019188843966465,930018679483494400,Retweet
930018679483494400,930019188843966465,Retweeted
930019149891244035,930019039929294848,Retweet
930019039929294848,930019149891244035,Retweeted
930019075174014976,930018746395062272,Retweet
930018746395062272,930019075174014976,Retweeted
930019056593326080,930018826749710337,Retweet
930018826749710337,930019056593326080,Retweeted
930018979480985600,930018679483494400,Retweet
930018679483494400,930018979480985600,Retweeted
930018946832654337,930018897348251649,Retweet
930018897348251649,930018946832654337,Retweeted
930018748752424961,930018679483494400,Retweet
930018679483494400,930018748752424961,Retweeted
